fixture_id,league,season,Date,HomeTeam,AwayTeam,FTHG,FTAG,HTHG,HTAG,FTR
1563083,Championship,2026,2026-08-14,Wolves,Blackburn,2,2,1,1,D
1563084,Championship,2026,2026-08-15,Bolton,Preston,2,1,2,0,H
1563085,Championship,2026,2026-08-15,Bristol City,Millwall,0,2,0,1,A
1563087,Championship,2026,2026-08-15,Middlesbrough,Lincoln,2,1,0,1,H
1563088,Championship,2026,2026-08-15,Norwich,West Brom,1,2,0,0,A
1563090,Championship,2026,2026-08-15,Stoke City,Swansea,1,2,1,1,A
1563086,Championship,2026,2026-08-15,Charlton,Derby,2,1,0,1,H
1563089,Championship,2026,2026-08-15,Portsmouth,QPR,1,3,1,3,A
1563091,Championship,2026,2026-08-15,Sheffield Utd,Birmingham,0,0,0,0,D
1563092,Championship,2026,2026-08-16,Watford,Southampton,2,1,2,0,H
1563093,Championship,2026,2026-08-16,Burnley,West Ham,2,2,0,1,D
1563094,Championship,2026,2026-08-17,Cardiff,Wrexham,1,1,0,1,D
1563095,Championship,2026,2026-08-22,Birmingham,Bristol City,2,2,1,1,D
1563099,Championship,2026,2026-08-22,Millwall,Norwich,3,0,1,0,H
1563098,Championship,2026,2026-08-22,Lincoln,Portsmouth,1,3,1,2,A
1563102,Championship,2026,2026-08-22,Southampton,Stoke City,3,1,1,1,H
1563105,Championship,2026,2026-08-22,West Ham,Charlton,1,2,0,1,A
1563100,Championship,2026,2026-08-22,Preston,Wolves,1,3,0,1,A
1563096,Championship,2026,2026-08-22,Blackburn,Middlesbrough,2,1,0,1,H
1563097,Championship,2026,2026-08-22,Derby,Cardiff,2,2,1,2,D
1563101,Championship,2026,2026-08-22,QPR,Bolton,0,0,0,0,D
1563103,Championship,2026,2026-08-22,Swansea,Sheffield Utd,0,0,0,0,D
1563106,Championship,2026,2026-08-22,Wrexham,Watford,1,1,1,1,D
1563104,Championship,2026,2026-08-23,West Brom,Burnley,3,1,1,1,H
1563118,Championship,2026,2026-08-28,Wrexham,Birmingham,1,2,0,1,A
1563117,Championship,2026,2026-08-29,Wolves,Stoke City,4,1,2,1,H
1563112,Championship,2026,2026-08-29,Derby,Swansea,0,3,0,2,A
1563113,Championship,2026,2026-08-29,Middlesbrough,West Brom,3,1,0,0,H
1563116,Championship,2026,2026-08-29,Watford,West Ham,1,1,1,1,D
1563115,Championship,2026,2026-08-29,Southampton,Millwall,5,1,2,1,H
1563110,Championship,2026,2026-08-29,Cardiff,Sheffield Utd,2,2,2,2,D
1563109,Championship,2026,2026-08-29,Bristol City,Portsmouth,2,1,1,0,H
1563107,Championship,2026,2026-08-29,Blackburn,QPR,1,2,0,0,A
1563108,Championship,2026,2026-08-29,Bolton,Lincoln,0,1,0,0,A
1563114,Championship,2026,2026-08-29,Norwich,Burnley,4,1,3,1,H
1563111,Championship,2026,2026-08-29,Charlton,Preston,1,0,0,0,H
1563126,Championship,2026,2026-09-01,West Ham,Wolves,4,2,2,1,H
1563122,Championship,2026,2026-09-01,Preston,Bristol City,1,3,0,1,A
1563123,Championship,2026,2026-09-01,Sheffield Utd,Bolton,3,2,1,1,H
1563125,Championship,2026,2026-09-01,Swansea,Watford,2,0,2,0,H
1563121,Championship,2026,2026-09-01,Portsmouth,Derby,0,2,0,1,A
1563120,Championship,2026,2026-09-01,Lincoln,Blackburn,0,0,0,0,D
1563119,Championship,2026,2026-09-01,Birmingham,Southampton,1,1,0,1,D
1563124,Championship,2026,2026-09-01,Stoke City,Norwich,1,0,1,0,H
1563128,Championship,2026,2026-09-02,Millwall,Wrexham,0,3,0,1,A
1563130,Championship,2026,2026-09-02,West Brom,Charlton,1,1,0,0,D
1563129,Championship,2026,2026-09-02,QPR,Cardiff,2,1,1,0,H
1563127,Championship,2026,2026-09-02,Burnley,Middlesbrough,1,1,0,1,D
1563136,Championship,2026,2026-09-05,Preston,Blackburn,2,1,2,0,H
1563139,Championship,2026,2026-09-05,Stoke City,Charlton,4,0,4,0,H
1563133,Championship,2026,2026-09-05,Lincoln,Southampton,1,1,0,1,D
1563132,Championship,2026,2026-09-05,Burnley,Bristol City,1,2,0,0,A
1563142,Championship,2026,2026-09-05,West Ham,Derby,3,0,1,0,H
1563134,Championship,2026,2026-09-05,Millwall,Bolton,4,0,1,0,H
1563141,Championship,2026,2026-09-05,West Brom,Watford,1,0,1,0,H
1563138,Championship,2026,2026-09-05,Sheffield Utd,Norwich,1,3,1,2,A
1563137,Championship,2026,2026-09-05,QPR,Middlesbrough,0,1,0,1,A
1563135,Championship,2026,2026-09-05,Portsmouth,Cardiff,2,0,1,0,H
1563140,Championship,2026,2026-09-05,Swansea,Wrexham,0,0,0,0,D
1563131,Championship,2026,2026-09-06,Birmingham,Wolves,2,2,2,2,D
1563149,Championship,2026,2026-09-08,Watford,Preston,2,1,0,1,H
1563148,Championship,2026,2026-09-08,Southampton,Swansea,3,1,2,0,H
1563146,Championship,2026,2026-09-08,Cardiff,Stoke City,1,1,0,1,D
1563143,Championship,2026,2026-09-08,Blackburn,Sheffield Utd,1,2,1,2,A
1563154,Championship,2026,2026-09-08,Wrexham,Burnley,1,1,0,1,D
1563144,Championship,2026,2026-09-08,Bolton,West Ham,2,3,2,2,A
1563152,Championship,2026,2026-09-09,Derby,West Brom,0,1,0,1,A
1563153,Championship,2026,2026-09-09,Norwich,Birmingham,2,1,2,0,H
1563151,Championship,2026,2026-09-09,Charlton,QPR,0,0,0,0,D
1563166,Championship,2026,2026-09-11,West Ham,Wrexham,6,0,2,0,H
1563165,Championship,2026,2026-09-12,West Brom,QPR,1,1,1,1,D
1563156,Championship,2026,2026-09-12,Bolton,Cardiff,1,0,0,0,H
1563158,Championship,2026,2026-09-12,Derby,Birmingham,1,2,1,1,A
1563164,Championship,2026,2026-09-12,Watford,Stoke City,1,2,0,1,A
1563162,Championship,2026,2026-09-12,Southampton,Bristol City,4,1,1,0,H
1563160,Championship,2026,2026-09-12,Preston,Lincoln,0,1,0,0,A
1563155,Championship,2026,2026-09-12,Blackburn,Millwall,3,1,1,0,H
1563159,Championship,2026,2026-09-12,Middlesbrough,Norwich,4,3,3,1,H
1563163,Championship,2026,2026-09-12,Swansea,Burnley,3,1,2,0,H
1563157,Championship,2026,2026-09-12,Charlton,Portsmouth,0,0,0,0,D
1563161,Championship,2026,2026-09-13,Sheffield Utd,Wolves,0,1,0,0,A
1563145,Championship,2026,2026-09-15,Bristol City,Lincoln,0,1,0,0,A
1563147,Championship,2026,2026-09-15,Middlesbrough,Millwall,2,2,0,2,D
